the,6187267
be,4239632
of,3093444
and,2687863
a,2186369
in,1924315
to,1620850
have,1375636
it,1090186
for,887877
i,884599
that,760399
you,695498
he,681255
on,680739
with,675027
do,559596
at,534162
by,517171
not,465486
this,461945
but,459622
from,434532
they,433441
his,426896
she,380257
or,373808
which,372031
as,364164
we,358039
an,343063
say,333518
will,297281
would,272345
can,266116
if,261089
their,260919
go,249540
what,249466
there,239460
all,230737
get,220940
her,218258
make,217268
who,205432
out,201819
up,195426
see,191661
know,185534
time,183427
take,179220
them,173414
some,171174
could,168387
so,167324
him,165014
year,163930
into,163469
its,163081
then,160652
think,153881
my,152619
come,151871
than,147618
more,146029
about,144554
now,143801
last,140063
your,138334
me,138151
no,137026
other,135185
give,131417
just,128517
should,128393
these,125442
people,125430
also,124884
well,124451
any,123655
only,122128
new,115523
very,114911
when,113655
may,113024
way,112636
look,111058
like,110090
use,108820
such,108524
how,103508
because,103003
good,100652
find,98899
man,97985
our,95001
want,94293
day,92699
between,91141
even,90473
many,89659
those,88862
one,86364
after,85939
down,84446
yeah,83382
thing,77612
tell,77245
through,75588
back,75494
still,72774
must,72059
child,71008
here,70947
over,70676
too,70164
put,69978
own,69459
work,67842
become,67219
old,66999
government,66894
mean,66556
part,65773
leave,64447
life,64423
great,64369
where,64118
case,63577
woman,63087
seem,62445
same,62402
us,62350
need,62201
feel,62185
system,61912
each,61492
might,61446
much,61338
ask,60879
group,60689
number,60607
yes,60592
however,60498
another,60182
again,59829
world,59094
area,58449
show,58152
course,57776
company,57754
shall,57056
under,56638
problem,56483
against,56208
never,55899
most,54966
service,54468
try,54422
call,53396
hand,53265
party,52979
high,52703
something,52452
school,52227
small,51626
place,51537
before,51259
why,50877
while,50548
away,50294
keep,50092
point,49187
house,49022
different,48373
country,48177
really,48062
provide,47923
week,47512
hold,47234
large,47185
member,47141
off,46285
always,46228
next,46221
follow,46145
without,45867
turn,45487
end,45160
within,45042
local,44920
during,44013
bring,43894
word,43750
begin,43740
although,43635
example,43402
family,42773
rather,42341
fact,42241
social,41617
write,41497
state,41351
percent,41205
quite,41169
both,41162
start,41029
run,40858
long,40492
right,40460
set,40381
help,40265
every,40114
home,39850
month,39819
side,39626
night,39315
important,39265
eye,39192
head,39000
information,38656
question,38608
business,38204
play,38053
power,37963
money,37892
change,37884
move,37836
interest,37744
order,37736
book,37675
often,37640
development,37386
young,37278
national,37231
pay,36665
hear,36575
room,36360
whether,36169
water,35767
form,35758
car,35295
yet,35058
perhaps,35039
meet,34970
level,34885
until,34807
though,34801
policy,34775
include,34753
believe,34603
council,34496
already,34292
possible,34178
nothing,34064
line,33888
allow,33687
effect,33423
big,33300
lead,32923
stand,32899
idea,32798
study,32786
lot,32733
live,32675
job,32484
since,32404
name,32309
result,32259
body,32231
happen,32075
friend,31927
least,31713
almost,31588
carry,31258
authority,31231
early,31110
view,31102
himself,31082
public,30983
together,30960
talk,30930
report,30857
bit,30675
face,30624
sit,30599
market,30596
appear,30595
continue,30466
able,30454
political,30366
later,30326
hour,30218
rate,30179
law,30169
door,30166
court,29976
office,29943
let,29768
war,29722
produce,29490
reason,29194
less,29147
minister,29141
subject,29091
person,28981
term,28896
particular,28887
full,28836
involve,28772
sort,28760
require,28711
suggest,28665
far,28626
towards,28600
anything,28321
period,28300
consider,28271
read,28216
society,28150
process,28035
mother,27784
offer,27697
late,27673
voice,27665
once,27632
police,27508
kind,27485
lose,27484
add,27367
probably,27303
expect,27221
ever,27195
available,27184
price,27166
little,26953
action,26894
issue,26889
remember,26748
position,26625
low,26616
cost,26556
matter,26304
community,26289
remain,26244
figure,26191
type,26034
research,26018
actually,25990
education,25987
fall,25966
speak,25788
few,25781
today,25775
enough,25635
open,25614
bad,25608
buy,25582
programme,25444
minute,25440
moment,25371
girl,25366
age,25340
centre,25272
stop,25066
control,25041
value,25024
send,24816
health,24527
decide,24380
main,24370
win,24310
understand,24252
decision,24233
develop,24205
class,24148
industry,24144
receive,24111
several,24002
return,23976
build,23931
spend,23799
force,23785
condition,23742
itself,23712
paper,23694
themselves,23673
major,23629
describe,23533
agree,23497
economic,23484
increase,23474
upon,23409
learn,23394
general,23340
century,23259
therefore,23218
father,23216
section,23188
patient,23106
around,23106
activity,23105
road,23103
table,23092
including,23082
church,23008
reach,22992
real,22982
lie,22959
mind,22926
likely,22899
among,22864
team,22781
experience,22751
death,22712
soon,22703
act,22657
sense,22601
staff,22363
certain,22297
student,22237
half,22232
language,22117
walk,22101
die,22087
special,22040
difficult,22033
international,22010
particularly,22002
department,21939
management,21884
morning,21845
draw,21778
hope,21763
across,21763
plan,21727
product,21712
city,21596
committee,21575
ground,21504
letter,21488
create,21470
evidence,21454
foot,21339
clear,21260
boy,21205
game,21181
food,21044
role,21016
practice,20950
bank,20946
else,20919
support,20904
sell,20902
event,20839
building,20770
range,20726
behind,20694
sure,20678
pass,20633
black,20609
stage,20586
meeting,20544
sometimes,20517
thus,20488
accept,20373
town,20170
art,20168
further,20138
club,20113
cause,20091
arm,20089
history,20064
parent,20060
land,20001
trade,19928
watch,19869
white,19865
situation,19856
whose,19833
ago,19808
teacher,19744
record,19639
manager,19636
relation,19628
common,19565
strong,19558
whole,19542
field,19542
free,19539
break,19512
yesterday,19459
window,19340
account,19260
explain,19218
stay,19207
wait,19152
usually,19151
difference,19138
material,19057
air,19046
wife,19039
cover,19015
apply,18982
project,18916
raise,18913
sale,18900
relationship,18866
indeed,18858
light,18853
claim,18828
base,18742
care,18717
someone,18681
everything,18675
certainly,18647
rule,18579
cut,18511
grow,18433
similar,18432
story,18418
quality,18415
tax,18313
worker,18247
nature,18223
structure,18201
data,18188
necessary,18107
pound,18058
method,18044
unit,17958
central,17947
bed,17947
union,17902
movement,17880
board,17878
true,17836
simply,17756
contain,17732
especially,17694
short,17635
personal,17622
detail,17584
model,17553
bear,17461
single,17415
join,17331
reduce,17226
establish,17224
herself,17197
wall,17194
easy,17065
private,17022
computer,16976
former,16973
hospital,16898
chapter,16860
scheme,16804
theory,16776
choose,16731
wish,16647
property,16646
achieve,16628
financial,16622
poor,16579
officer,16555
charge,16503
director,16487
drive,16477
deal,16402
approach,16331
chance,16288
application,16281
seek,16270
cos,16247
foreign,16234
along,16233
top,16176
amount,16138
son,16077
operation,16040
fail,16038
human,16008
opportunity,16002
simple,15911
leader,15903
share,15840
production,15837
recent,15812
firm,15767
picture,15748
source,15747
security,15742
serve,15722
according,15722
contract,15672
wide,15644
occur,15635
agreement,15627
better,15626
kill,15620
site,15602
either,15599
labour,15552
various,15502
test,15491
eat,15446
loss,15442
close,15439
represent,15416
love,15398
colour,15370
clearly,15349
shop,15292
benefit,15251
animal,15250
heart,15242
election,15227
purpose,15159
standard,15156
due,15140
secretary,15106
rise,15106
date,15044
hard,15034
music,15024
hair,15020
prepare,14961
factor,14960
anyone,14956
pattern,14934
manage,14894
piece,14873
discuss,14861
prove,14812
front,14758
evening,14739
royal,14711
tree,14692
population,14664
fine,14650
plant,14638
pressure,14635
response,14627
catch,14627
street,14622
pick,14622
performance,14620
knowledge,14609
despite,14592
design,14565
page,14546
enjoy,14527
individual,14487
suppose,14482
rest,14440
instead,14437
wear,14434
basis,14420
size,14416
environment,14403
per,14402
fire,14379
series,14348
success,14330
natural,14304
wrong,14274
near,14248
round,14244
thought,14214
list,14212
argue,14196
final,14178
future,14174
introduce,14155
analysis,14149
enter,14141
space,14119
arrive,14093
ensure,14032
demand,14025
statement,13990
attention,13968
principle,13877
pull,13852
doctor,13684
choice,13682
refer,13673
feature,13669
couple,13668
step,13625
following,13592
thank,13531
machine,13518
income,13509
training,13503
present,13475
association,13471
film,13466
region,13452
effort,13386
player,13337
everyone,13337
award,13274
village,13249
organisation,13237
whatever,13236
news,13223
nice,13183
difficulty,13177
modern,13156
cell,13153
current,13105
legal,13103
energy,13083
finally,13014
degree,12996
mile,12952
means,12942
growth,12938
whom,12926
treatment,12903
sound,12902
above,12889
task,12883
provision,12876
affect,12867
please,12862
red,12857
happy,12854
behaviour,12853
concerned,12852
function,12819
identify,12801
resource,12790
defence,12760
garden,12746
floor,12745
technology,12713
style,12697
feeling,12671
science,12644
relate,12634
doubt,12628
horse,12623
answer,12596
compare,12591
suffer,12584
forward,12582
announce,12582
user,12549
fund,12523
character,12511
risk,12466
normal,12451
myself,12444
nor,12442
dog,12406
obtain,12382
quickly,12381
army,12379
indicate,12369
forget,12353
station,12328
glass,12296
cup,12294
previous,12286
husband,12263
recently,12249
publish,12242
serious,12232
anyway,12232
visit,12213
capital,12188
note,12166
season,12161
argument,12125
listen,12080
responsibility,12078
significant,12073
prime,12031
economy,12003
element,11997
finish,11977
duty,11931
fight,11929
train,11907
maintain,11881
attempt,11877
leg,11858
investment,11850
save,11827
throughout,11810
suddenly,11795
brother,11757
improve,11753
avoid,11750
wonder,11735
tend,11734
title,11720
hotel,11683
aspect,11643
industrial,11599
express,11591
summer,11563
determine,11551
generally,11537
daughter,11522
exist,11515
used,11513
baby,11503
nearly,11484
smile,11477
sorry,11453
sea,11430
skill,11423
treat,11394
remove,11385
concern,11368
university,11367
left,11343
dead,11341
discussion,11315
specific,11306
customer,11292
box,11292
outside,11276
conference,11243
total,11152
profit,11119
division,11119
throw,11110
procedure,11100
fill,11098
king,11045
assume,11044
image,11024
oil,11022
obviously,11014
unless,11011
appropriate,11010
circumstance,11009
military,10998
proposal,10963
mention,10950
client,10948
sector,10937
direction,10905
admit,10905
replace,10873
basic,10860
instance,10809
sign,10808
original,10808
successful,10803
okay,10798
reflect,10764
aware,10764
measure,10760
attitude,10758
yourself,10746
disease,10736
exactly,10729
commission,10712
intend,10708
beyond,10705
seat,10691
president,10678
encourage,10664
addition,10664
goal,10655
miss,10627
popular,10600
affair,10561
technique,10548
respect,10540
drop,10537
professional,10527
item,10503
fly,10483
reveal,10482
version,10481
maybe,10472
ability,10468
operate,10462
campaign,10441
heavy,10439
advice,10437
institution,10399
discover,10366
surface,10361
library,10356
pupil,10320
refuse,10312
prevent,10286
advantage,10285
dark,10264
teach,10248
memory,10221
culture,10196
blood,10176
majority,10146
variety,10138
press,10129
depend,10125
bill,10125
competition,10119
ready,10110
access,10099
hit,10098
stone,10076
useful,10071
extent,10071
employment,10067
regard,10066
apart,10040
appeal,10020
text,10014
parliament,10010
terms,9993
bar,9969
attack,9963
effective,9951
mouth,9930
fish,9901
easily,9877
enable,9858
trouble,9826
traditional,9819
payment,9811
best,9790
post,9776
county,9745
lady,9739
holiday,9731
realise,9726
importance,9718
chair,9718
facility,9713
complete,9711
article,9710
object,9697
context,9687
survey,9676
notice,9663
direct,9653
immediately,9652
collection,9639
reference,9638
card,9632
interesting,9624
considerable,9614
television,9603
extend,9592
communication,9590
agency,9579
physical,9569
except,9569
check,9566
sun,9558
species,9555
possibility,9555
official,9544
chairman,9503
speaker,9456
second,9445
career,9441
laugh,9436
weight,9433
responsible,9429
document,9399
solution,9348
medical,9338
hot,9331
recognise,9316
budget,9311
river,9300
fit,9286
organization,9272
existing,9270
push,9266
tomorrow,9243
requirement,9234
cold,9227
edge,9225
opposition,9214
opinion,9213
drug,9211
quarter,9203
option,9189
worth,9183
define,9178
stock,9170
influence,9162
occasion,9152
eventually,9138
software,9134
highly,9132
exchange,9130
lack,9126
shake,9120
concept,9093
blue,9089
star,9088
radio,9066
arrangement,9054
examine,9025
bird,9021
green,9013
band,9003
sex,9000
finger,8998
past,8972
independent,8968
equipment,8950
north,8949
message,8938
fear,8934
afternoon,8934
drink,8926
fully,8911
race,8901
gain,8900
strategy,8895
extra,8885
scene,8882
slightly,8873
kitchen,8866
speech,8860
arise,8860
network,8853
tea,8849
peace,8847
failure,8841
employee,8821
ahead,8809
scale,8802
hardly,8801
attend,8801
shoulder,8800
otherwise,8798
railway,8793
directly,8784
supply,8769
expression,8756
owner,8752
associate,8743
corner,8729
match,8718
sport,8698
status,8688
beautiful,8670
marriage,8668
hang,8668
civil,8660
perform,8648
sentence,8645
crime,8637
ball,8636
marry,8631
wind,8624
truth,8618
protect,8610
safety,8609
partner,8605
completely,8605
copy,8602
balance,8601
sister,8592
reader,8592
below,8587
trial,8573
rock,8567
damage,8552
adopt,8549
newspaper,8544
meaning,8530
essential,8512
obvious,8510
nation,8508
confirm,8489
south,8472
length,8472
branch,8456
deep,8444
none,8440
planning,8433
trust,8428
working,8422
pain,8408
studio,8397
positive,8397
spirit,8384
college,8375
accident,8374
mark,8326
works,8315
league,8309
imagine,8300
cash,8283
normally,8265
strength,8228
travel,8170
target,8170
pair,8143
male,8133
gas,8133
contribution,8130
complex,8124
beat,8106
artist,8105
agent,8100
presence,8097
environmental,8054
strike,8049
contact,8034
protection,8025
beginning,8018
media,7977
relevant,7950
employ,7945
shoot,7939
executive,7921
slowly,7914
relatively,7912
aid,7903
huge,7901
speed,7885
review,7877
route,7851
consequence,7844
telephone,7842
release,7822
proportion,7822
primary,7821
consideration,7808
reform,7806
driver,7806
annual,7785
nuclear,7776
latter,7762
practical,7753
commercial,7749
rich,7708
emerge,7706
apparently,7696
ring,7693
distance,7692
exercise,7686
key,7679
skin,7668
island,7649
separate,7641
aim,7638
danger,7637
credit,7634
usual,7630
link,7620
candidate,7618
track,7616
safe,7613
interested,7605
assessment,7602
path,7596
merely,7596
plus,7592
district,7574
regular,7570
reaction,7565
impact,7557
collect,7525
debate,7520
lay,7517
belief,7509
conclusion,7498
shape,7495
vote,7493
politics,7456
reply,7445
file,7426
western,7421
earth,7412
survive,7398
estate,7396
boat,7373
prison,7368
additional,7364
settle,7355
largely,7350
wine,7341
observe,7341
limit,7340
deny,7339
straight,7327
somebody,7316
writer,7309
weekend,7308
clothes,7308
active,7290
sight,7289
video,7288
reality,7280
hall,7258
nevertheless,7236
regional,7231
vehicle,7229
worry,7224
powerful,7213
possibly,7211
cross,7210
colleague,7209
farm,7189
respond,7187
employer,7180
carefully,7180
understanding,7175
connection,7172
comment,7172
grant,7166
concentrate,7157
ignore,7152
phone,7150
hole,7135
insurance,7122
content,7116
confidence,7101
sample,7099
transport,7088
objective,7088
alone,7088
flower,7086
injury,7084
lift,7080
stick,7079
mainly,7065
battle,7063
generation,7050
currently,7050
winter,7047
inside,7043
impossible,7036
somewhere,7026
arrange,7021
sleep,6992
progress,6987
volume,6974
ship,6974
legislation,6974
commitment,6970
conflict,6956
bag,6955
fresh,6954
entry,6938
fair,6936
promise,6930
introduction,6925
senior,6924
manner,6924
background,6923
touch,6920
vary,6917
sexual,6910
ordinary,6900
cabinet,6900
painting,6895
entirely,6892
engine,6883
previously,6873
administration,6865
tonight,6856
adult,6855
prefer,6854
author,6852
actual,6849
song,6846
investigation,6838
debt,6835
visitor,6832
forest,6832
repeat,6820
wood,6817
contrast,6816
extremely,6814
wage,6811
domestic,6803
commit,6783
threat,6767
bus,6761
warm,6756
sir,6750
regulation,6741
relief,6721
internal,6721
strange,6717
excellent,6717
fairly,6702
technical,6701
tradition,6686
insist,6683
farmer,6678
traffic,6677
dinner,6667
consumer,6663
meal,6654
warn,6651
living,6648
package,6646
increasingly,6634
description,6634
soft,6631
stuff,6627
existence,6618
improvement,6616
coffee,6614
appearance,6606
sheet,6583
category,6566
distribution,6564
equally,6553
session,6545
cultural,6543
loan,6538
bind,6517
museum,6516
conversation,6515
threaten,6510
launch,6508
proper,6504
victim,6501
audience,6500
famous,6485
master,6479
lip,6477
religious,6476
joint,6472
cry,6460
potential,6456
broad,6447
exhibition,6445
judge,6437
formal,6436
housing,6435
freedom,6421
gentleman,6420
attract,6410
explanation,6409
appoint,6407
chief,6402
lovely,6390
demonstrate,6368
construction,6366
middle,6363
yard,6360
unable,6359
acquire,6354
surely,6352
crisis,6352
propos,6345
west,6328
impose,6313
god,6297
favour,6289
equal,6277
capacity,6272
flat,6265
selection,6262
football,6261
victory,6259
factory,6259
rural,6258
twice,6254
sing,6248
whereas,6236
examination,6232
deliver,6230
nobody,6229
substantial,6222
invite,6222
intention,6220
egg,6220
reasonable,6209
onto,6208
retain,6202
aircraft,6200
decade,6197
cheap,6196
quiet,6194
bright,6190
contribute,6186
row,6166
search,6165
definition,6153
unemployment,6143
spread,6139
flight,6132
output,6129
tour,6117
address,6112
immediate,6107
reduction,6106
interview,6093
assess,6088
promote,6085
everybody,6084
suitable,6077
ought,6077
growing,6077
nod,6073
reject,6064
dream,6050
divide,6044
declare,6043
handle,6030
detailed,6030
challenge,6021
rain,6012
destroy,6004
mountain,5998
concentration,5987
limited,5984
finance,5983
pension,5979
afraid,5967
murder,5961
neck,5958
weapon,5954
hide,5954
offence,5951
absence,5949
error,5945
representative,5942
enterprise,5936
criticism,5932
average,5922
quick,5920
sufficient,5917
appointment,5911
transfer,5902
acid,5897
spring,5890
birth,5889
ear,5888
recognize,5887
recommend,5886
module,5882
instruction,5882
democratic,5880
park,5879
weather,5873
bottle,5872
bedroom,5865
kid,5860
pleasure,5853
realize,5849
assembly,5847
expensive,5846
select,5844
teaching,5843
desire,5843
whilst,5839
implication,5831
combine,5825
temperature,5823
wave,5821
magazine,5813
totally,5807
mental,5803
store,5800
scientific,5799
frequently,5799
thanks,5794
beside,5785
settlement,5782
absolutely,5782
critical,5763
recognition,5759
consist,5751
silence,5747
expenditure,5746
institute,5744
dress,5738
dangerous,5730
familiar,5724
asset,5721
belong,5716
educational,5710
sum,5707
publication,5706
partly,5706
block,5705
seriously,5699
youth,5686
tape,5686
elsewhere,5684
fee,5680
program,5677
treaty,5672
necessarily,5670
unlikely,5667
properly,5667
guest,5665
code,5662
hill,5652
screen,5644
household,5644
sequence,5642
correct,5641
female,5640
phase,5639
crowd,5633
welcome,5626
metal,5621
widely,5610
undertake,5604
sky,5594
brain,5586
expert,5580
experiment,5577
tiny,5575
perfect,5574
disappear,5560
initiative,5555
assumption,5554
photograph,5549
ministry,5544
congress,5544
reading,5540
scientist,5527
fast,5527
closely,5521
thin,5517
solicitor,5517
secure,5517
plate,5515
pool,5513
gold,5512
emphasis,5512
recall,5511
shout,5508
generate,5501
location,5499
display,5494
heat,5492
gun,5482
shut,5476
journey,5469
imply,5467
violence,5466
dry,5465
historical,5463
curriculum,5457
noise,5455
lunch,5455
succeed,5451
bottom,5441
initial,5434
theme,5428
characteristic,5423
pretty,5421
empty,5414
combination,5404
interpretation,5403
rely,5402
escape,5400
score,5398
justice,5397
upper,5391
tooth,5383
organise,5377
cat,5377
tool,5376
spot,5370
bridge,5367
double,5366
conclude,5363
relative,5360
soldier,5353
climb,5351
breath,5347
afford,5346
urban,5344
nurse,5343
narrow,5342
liberal,5329
coal,5328
priority,5327
wild,5325
revenue,5322
membership,5322
approve,5312
tall,5306
apparent,5306
faith,5298
fix,5282
slow,5279
troop,5271
motion,5269
leading,5267
component,5263
bloody,5261
literature,5260
conservative,5245
variation,5244
remind,5242
inform,5229
alternative,5228
neither,5227
mass,5224
busy,5221
chemical,5219
careful,5218
investigate,5212
roll,5202
instrument,5197
guide,5186
criterion,5177
pocket,5172
suggestion,5169
aye,5166
entitle,5156
tone,5153
attractive,5152
wing,5142
surprise,5139
pub,5127
fruit,5118
passage,5116
illustrate,5111
ride,5104
foundation,5103
restaurant,5100
vital,5098
burn,5091
map,5085
united,5081
device,5079
jump,5077
estimate,5072
conduct,5068
derive,5065
east,5055
advise,5055
advance,5055
motor,5052
satisfy,5050
hell,5049
winner,5048
effectively,5048
mistake,5045
incident,5041
focus,5036
representation,5030
leaf,5028
border,5028
wash,5027
prospect,5014
blow,5013
trip,5010
observation,5010
gather,4986
ancient,4981
brief,4977
gate,4974
elderly,4973
persuade,4970
overall,4968
rare,4967
index,4967
circle,4967
creation,4957
drawing,4953
anybody,4952
flow,4951
external,4946
capable,4943
recover,4932
shot,4924
request,4923
impression,4921
neighbour,4919
theatre,4917
beneath,4917
hurt,4914
mechanism,4913
lean,4904
defendant,4903
atmosphere,4902
slip,4897
chain,4890
accompany,4885
wonderful,4884
earn,4879
enemy,4872
desk,4871
engineering,4870
panel,4857
distinction,4853
deputy,4853
discipline,4848
married,4844
plenty,4841
establishment,4840
fashion,4839
roof,4832
milk,4832
entire,4832
tear,4829
secondary,4829
finding,4829
welfare,4822
increased,4822
attach,4821
typical,4815
meanwhile,4813
leadership,4809
negotiation,4807
clean,4801
religion,4798
count,4798
grey,4787
hence,4778
alright,4777
first,4772
fuel,4770
mine,4769
servant,4762
liability,4756
constant,4753
hate,4752
shoe,4746
expense,4744
vast,4738
soil,4737
writing,4727
nose,4726
origin,4724
lord,4708
ticket,4703
editor,4698
switch,4692
provided,4692
northern,4692
significance,4690
channel,4676
convention,4673
funny,4669
bone,4665
severe,4659
iron,4654
vision,4647
via,4647
somewhat,4638
trend,4636
revolution,4629
terrible,4624
knee,4621
unfortunately,4612
steal,4612
criminal,4602
signal,4601
notion,4600
comparison,4600
academic,4594
outcome,4591
lawyer,4591
strongly,4590
surround,4586
explore,4586
achievement,4586
odd,4584
expectation,4583
corporate,4579
prisoner,4574
rapidly,4558
southern,4553
amongst,4552
withdraw,4547
afterwards,4544
paint,4539
citizen,4532
permanent,4530
weak,4528
ourselves,4515
plastic,4511
connect,4510
fundamental,4508
plane,4505
height,4505
opening,4504
lesson,4503
similarly,4502
shock,4502
rail,4502
tenant,4493
owe,4492
originally,4492
somehow,4483
minor,4482
negative,4481
knock,4481
root,4478
pursue,4471
inner,4471
crucial,4465
occupy,4460
independence,4459
column,4456
proceeding,4455
beauty,4445
perfectly,4439
struggle,4438
gap,4436
database,4432
stretch,4417
stress,4417
passenger,4416
boundary,4416
manufacturer,4408
sharp,4402
formation,4401
queen,4399
waste,4398
virtually,4398
expand,4398
contemporary,4396
politician,4391
territory,4382
championship,4382
exception,4380
thick,4379
inquiry,4377
topic,4376
resident,4375
transaction,4374
parish,4373
supporter,4367
massive,4360
unique,4352
inflation,4350
assistance,4344
identity,4342
suit,4341
parliamentary,4337
unknown,4333
preparation,4332
elect,4329
badly,4329
moreover,4327
tie,4324
cancer,4323
champion,4318
exclude,4317
licence,4314
breakfast,4314
minority,4313
appreciate,4312
fan,4311
accommodation,4305
subsequent,4303
democracy,4302
brown,4300
taste,4295
crown,4290
permit,4289
buyer,4285
gift,4283
resolution,4282
angry,4282
metre,4277
wheel,4272
clause,4272
tank,4263
engage,4258
alive,4254
complaint,4252
inch,4250
abandon,4249
blame,4248
quote,4241
yours,4239
quantity,4238
guilty,4233
prior,4224
eastern,4212
coat,4212
involvement,4211
tension,4209
diet,4201
enormous,4196
rarely,4190
prize,4187
remaining,4180
significantly,4179
glance,4177
dominate,4177
naturally,4172
interpret,4172
frame,4163
extension,4161
mix,4155
spokesman,4153
friendly,4151
acknowledge,4151
register,4150
regime,4150
fault,4149
dispute,4146
grass,4143
quietly,4140
decline,4139
dismiss,4135
delivery,4135
complain,4135
shift,4131
port,4125
beach,4125
string,4121
depth,4120
unusual,4118
pilot,4117
obligation,4117
gene,4112
yellow,4111
republic,4110
shadow,4108
dear,4106
analyse,4106
anywhere,4105
phrase,4103
crew,4103
lucky,4101
restore,4094
convince,4083
coast,4081
engineer,4080
heavily,4079
extensive,4078
glad,4075
charity,4073
oppose,4070
defend,4065
alter,4061
warning,4059
arrest,4059
framework,4052
approval,4050
bother,4048
novel,4047
accuse,4047
surprised,4042
currency,4041
restrict,4038
possess,4038
moral,4038
protein,4037
distinguish,4033
gently,4030
reckon,4027
incorporate,4027
proceed,4022
assist,4021
justify,4015
behalf,4012
councillor,4011
setting,4006
command,4004
maintenance,4001
stair,3997
poem,3997
chest,3996
secret,3986
restriction,3984
efficient,3984
suspect,3983
hat,3981
tough,3980
firmly,3979
willing,3973
healthy,3972
construct,3967
occasionally,3963
mode,3962
saving,3957
comfortable,3957
camp,3957
export,3951
wake,3950
partnership,3950
daily,3947
abroad,3941
profession,3939
load,3933
countryside,3933
boot,3930
mostly,3928
sudden,3924
implement,3924
reputation,3923
print,3923
calculate,3922
keen,3920
guess,3920
recommendation,3917
autumn,3917
conventional,3916
cope,3913
constitute,3913
poll,3901
voluntary,3894
valuable,3886
recovery,3882
cast,3882
premise,3881
resolve,3880
regularly,3871
solve,3868
plaintiff,3863
critic,3859
agriculture,3858
ice,3856
constitution,3854
communist,3852
layer,3845
recession,3842
slight,3841
dramatic,3837
golden,3835
temporary,3833
shortly,3828
initially,3824
arrival,3815
protest,3809
resistance,3799
silent,3798
presentation,3798
soul,3796
self,3795
judgment,3795
feed,3795
muscle,3792
shareholder,3790
opposite,3790
pollution,3789
wealth,3786
kingdom,3781
bread,3780
perspective,3779
camera,3775
prince,3774
illness,3774
cake,3773
meat,3772
submit,3771
ideal,3771
relax,3768
penalty,3766
purchase,3764
tired,3762
beer,3762
specify,3760
monitor,3758
electricity,3758
specifically,3755
bond,3753
statutory,3748
laboratory,3748
federal,3745
captain,3744
deeply,3741
pour,3739
boss,3739
creature,3738
urge,3735
locate,3733
being,3732
lifespan,3727
valley,3716
guard,3708
emergency,3707
bomb,3703
dollar,3700
efficiency,3698
mood,3696
convert,3696
possession,3691
marketing,3690
habit,3680
subsequently,3677
gradually,3654
expansion,3652
competitive,3651
cooperation,3648
acceptable,3647
angle,3644
cook,3642
net,3637
sensitive,3636
ratio,3635
kiss,3633
essentially,3631
preserve,3629
wedding,3621
personality,3621
bishop,3620
dependent,3619
landscape,3614
pure,3613
mirror,3613
lock,3613
symptom,3612
promotion,3612
global,3608
aside,3607
tendency,3606
conservation,3603
qualification,3598
pack,3598
governor,3598
expected,3594
invest,3592
cycle,3592
philosophy,3590
gallery,3590
sad,3588
intervention,3585
emotional,3583
advertising,3582
dance,3579
cigarette,3579
predict,3578
adequate,3571
variable,3564
retire,3560
sugar,3556
pale,3556
frequency,3556
guy,3551
furniture,3549
administrative,3548
wooden,3547
input,3542
phenomenon,3541
surprising,3540
jacket,3540
actor,3540
kick,3539
producer,3538
hearing,3536
chip,3535
equation,3533
certificate,3533
hello,3530
remarkable,3525
alliance,3518
smoke,3516
awareness,3516
throat,3514
discovery,3512
festival,3511
rose,3500
principal,3498
brilliant,3498
proposed,3494
coach,3489
absolute,3489
drama,3488
recording,3486
precisely,3486
bath,3484
celebrate,3481
substance,3480
swing,3474
rapid,3471
rough,3470
investor,3467
rank,3463
compete,3461
sweet,3460
rent,3457
dealer,3457
bend,3453
solid,3450
cloud,3448
enquiry,3430
abuse,3428
golf,3426
guitar,3423
electronic,3422
cottage,3422
scope,3419
pause,3419
mixture,3418
emotion,3418
comprehensive,3415
shirt,3414
allowance,3411
retirement,3407
breach,3407
infection,3405
resist,3402
qualify,3401
paragraph,3401
sick,3400
researcher,3396
consent,3394
written,3390
literary,3385
ill,3385
wet,3384
lake,3383
entrance,3375
peak,3374
successfully,3373
sand,3372
breathe,3372
cheek,3368
platform,3366
interaction,3361
borrow,3353
birthday,3352
knife,3350
extreme,3350
core,3346
peasant,3345
armed,3344
permission,3343
supreme,3339
overcome,3339
greatly,3335
visual,3334
lad,3331
genuine,3330
personnel,3325
judgement,3323
exciting,3323
stream,3321
perception,3320
guarantee,3320
disaster,3318
darkness,3317
bid,3316
sake,3309
organize,3309
tourist,3306
policeman,3306
castle,3305
demonstration,3294
anger,3291
briefly,3280
presumably,3279
clock,3279
hero,3276
expose,3276
custom,3276
maximum,3263
earning,3260
priest,3256
resign,3255
widespread,3247
comprise,3247
chamber,3245
acquisition,3245
involved,3244
confident,3242
circuit,3236
radical,3233
detect,3231
stupid,3230
grand,3228
consumption,3228
zone,3223
altogether,3218
rush,3216
numerous,3216
sink,3215
everywhere,3215
classical,3215
respectively,3213
distinct,3212
mad,3210
honour,3210
statistics,3209
false,3206
square,3204
differ,3204
disk,3202
truly,3201
survival,3200
proud,3200
tower,3198
deposit,3198
pace,3191
compensation,3191
adviser,3191
consultant,3184
drag,3183
advanced,3183
landlord,3180
whenever,3179
delay,3174
holder,3169
edition,3166
occupation,3165
agricultural,3162
intelligence,3160
empire,3159
definitely,3159
negotiate,3158
host,3158
helpful,3155
fellow,3155
sweep,3154
poet,3153
journalist,3145
defeat,3145
unlike,3144
primarily,3137
tight,3132
indication,3132
cricket,3132
whisper,3131
routine,3129
anxiety,3129
witness,3127
concerning,3124
mill,3122
gentle,3120
curtain,3119
mission,3118
supplier,3117
basically,3116
assure,3116
poverty,3115
snow,3112
prayer,3111
pipe,3111
deserve,3109
split,3107
consistent,3104
carpet,3104
ownership,3102
joke,3102
fewer,3101
workshop,3099
salt,3096
aged,3096
symbol,3093
slide,3091
anxious,3088
tale,3086
preference,3085
inevitably,3084
mere,3083
behave,3082
nervous,3079
remark,3076
pleased,3076
province,3074
steel,3070
practise,3069
holy,3067
dose,3066
alcohol,3066
guidance,3061
constantly,3061
climate,3060
enhance,3059
reasonably,3057
smooth,3055
dominant,3054
conscious,3052
formula,3049
tail,3046
ha,3044
electric,3044
sheep,3043
medicine,3040
strategic,3039
disabled,3038
smell,3037
operator,3036
mount,3036
remote,3025
measurement,3025
architecture,3018
barrier,3011
practitioner,3010
outstanding,3010
enthusiasm,3010
theoretical,3008
implementation,3006
worried,3005
pitch,3003
clinical,2998
lane,2997
apple,2996
catalogue,2994
tip,2993
publisher,2993
opponent,2993
burden,2988
tackle,2987
historian,2987
bury,2987
stomach,2985
percentage,2984
evaluation,2983
outline,2981
talent,2980
lend,2980
silver,2977
fun,2976
democrat,2975
fortune,2973
storage,2970
reserve,2967
interval,2963
dimension,2961
honest,2960
awful,2960
manufacture,2955
confusion,2955
pink,2948
impressive,2948
satisfaction,2942
visible,2940
vessel,2940
curve,2939
pot,2936
replacement,2931
accurate,2928
mortgage,2927
salary,2926
impress,2926
constitutional,2926
emphasise,2922
developing,2922
proof,2921
furthermore,2918
dish,2917
considerably,2914
distant,2913
lower,2912
favourite,2912
fixed,2909
luck,2895
precise,2892
determination,2891
bite,2885
consultation,2884
residential,2881
capture,2881
ultimately,2879
cheque,2879
economics,2877
sustain,2872
secondly,2871
silly,2869
merchant,2868
lecture,2867
musical,2866
leisure,2866
cheese,2864
participate,2860
fabric,2860
distribute,2856
lover,2855
childhood,2853
cool,2852
ban,2851
supposed,2847
mouse,2844
strain,2842
specialist,2842
consult,2840
minimum,2837
approximately,2837
participant,2836
monetary,2833
confuse,2830
dare,2825
movie,2822
seed,2821
cease,2821
journal,2818
shopping,2816
equivalent,2815
palace,2814
exceed,2814
isolated,2813
poetry,2811
perceive,2811
strengthen,2805
snap,2805
readily,2805
spite,2802
conviction,2801
corridor,2798
ward,2793
profile,2792
fat,2792
comfort,2792
bathroom,2792
shell,2791
reward,2789
deliberately,2789
automatically,2787
vegetable,2786
imagination,2784
junior,2783
unemployed,2781
mystery,2781
pose,2778
violent,2775
march,2775
found,2773
dig,2772
dirty,2769
psychological,2768
grab,2767
pleasant,2766
surgery,2764
inevitable,2763
transform,2762
bell,2758
announcement,2758
draft,2757
unity,2756
airport,2756
upset,2754
pretend,2752
till,2745
known,2744
admission,2742
tissue,2741
magistrate,2741
joy,2740
operating,2735
headquarters,2735
grateful,2735
classroom,2735
turnover,2733
shrug,2729
sensible,2729
limitation,2729
newly,2724
tongue,2723
refugee,2721
composition,2720
alongside,2720
ceiling,2715
highlight,2714
tap,2710
universe,2709
label,2705
confine,2704
scream,2703
rid,2703
acceptance,2702
detective,2700
sail,2698
adjust,2697
designer,2695
running,2692
summit,2690
participation,2690
weakness,2688
adapt,2687
absorb,2684
encounter,2683
excitement,2675
brick,2675
blind,2674
wire,2672
crop,2667
transition,2660
thereby,2660
assistant,2655
deaf,2653
constituency,2653
continuous,2649
concert,2648
breast,2648
extraordinary,2646
squad,2645
cream,2638
tennis,2635
personally,2635
communicate,2634
pride,2633
bowl,2631
expertise,2629
govern,2626
leather,2625
observer,2624
margin,2623
uncertainty,2621
reinforce,2620
injure,2617
holding,2611
universal,2609
evident,2609
dust,2609
overseas,2608
desperate,2608
swim,2607
occasional,2602
trouser,2586
surprisingly,2586
album,2581
guideline,2579
disturb,2574
amendment,2574
architect,2572
objection,2569
chart,2567
cattle,2566
react,2564
consciousness,2563
purely,2562
tin,2559
tube,2557
fulfil,2557
commonly,2554
sufficiently,2552
coin,2552
frighten,2551
grammar,2549
diary,2549
flesh,2548
summary,2547
infant,2547
stir,2543
storm,2542
mail,2542
rugby,2541
virtue,2539
specimen,2536
psychology,2536
constraint,2535
trace,2533
privilege,2533
completion,2532
hers,2525
grade,2525
exploit,2524
import,2521
potato,2518
repair,2516
passion,2516
seize,2515
underlying,2513
heaven,2512
nerve,2511
collapse,2508
printer,2504
coalition,2503
button,2503
pray,2501
ultimate,2500
venture,2497
timber,2497
companion,2494
horror,2493
gesture,2490
moon,2488
clever,2486
van,2485
consequently,2481
raw,2479
broken,2479
jury,2477
gaze,2477
burst,2476
charter,2475
feminist,2474
discourse,2474
reflection,2472
carbon,2470
sophisticated,2468
taxation,2467
prosecution,2464
softly,2463
asleep,2463
aids,2463
publicity,2461
departure,2461
sharply,2459
reception,2459
cousin,2459
relieve,2457
linguistic,2457
vat,2456
multiple,2454
outer,2448
vulnerable,2447
evolution,2447
allocate,2445
creative,2444
potentially,2437
judicial,2433
ideology,2429
agenda,2427
illegal,2426
chicken,2426
plain,2425
innovation,2425
opera,2422
grin,2420
shelf,2419
pole,2419
punishment,2418
strict,2417
carriage,2410
conversion,2404
hurry,2403
essay,2401
integration,2399
resignation,2398
treasury,2397
traveller,2396
chocolate,2395
assault,2395
schedule,2394
undoubtedly,2393
twin,2393
format,2393
sigh,2388
seller,2387
lease,2387
bitter,2384
ally,2381
stake,2380
processing,2379
informal,2379
flexible,2379
cap,2379
stable,2378
sympathy,2377
tunnel,2376
pen,2374
instal,2373
suspend,2372
wander,2370
notably,2370
disappoint,2368
wipe,2367
folk,2366
attraction,2366
disc,2365
inspire,2364
machinery,2363
undergo,2362
nowhere,2362
inspector,2362
wise,2361
purchaser,2360
resort,2359
pop,2358
organ,2357
ease,2357
friendship,2353
deficit,2353
convey,2351
planet,2348
frequent,2348
loose,2347
intense,2347
retail,2346
lost,2344
grain,2344
particle,2342
destruction,2341
pit,2338
registration,2337
conception,2337
steady,2336
rival,2336
steam,2335
chancellor,2332
crash,2329
belt,2328
logic,2326
premium,2325
confront,2325
precede,2324
experimental,2323
alarm,2322
rational,2321
incentive,2321
roughly,2320
bench,2320
wrap,2319
regarding,2319
inadequate,2319
ambition,2319
fate,2317
vendor,2316
stranger,2316
spiritual,2316
increasing,2316
anticipate,2316
logical,2315
fibre,2312
attribute,2311
petrol,2309
maker,2309
generous,2307
allocation,2305
depression,2302
declaration,2302
modest,2301
dividend,2300
devote,2300
condemn,2297
integrate,2296
pile,2294
identification,2294
acute,2294
barely,2293
providing,2292
directive,2292
bet,2292
modify,2291
bare,2291
swear,2290
accordingly,2288
valid,2286
wherever,2285
mortality,2282
medium,2282
silk,2280
funeral,2280
depending,2278
cow,2278
correspond,2277
cite,2277
classic,2273
inspection,2271
calculation,2271
rubbish,2266
hypothesis,2264
youngster,2260
slope,2260
patch,2257
invitation,2257
ethnic,2256
federation,2255
duke,2253
wholly,2249
closure,2249
dictionary,2248
withdrawal,2245
automatic,2245
liable,2244
borough,2243
suspicion,2241
portrait,2240
jew,2240
fragment,2240
revolutionary,2238
evaluate,2238
competitor,2234
sole,2232
reliable,2231
weigh,2230
medieval,2228
clinic,2228
shine,2227
knit,2226
complexity,2225
remedy,2224
fence,2224
bike,2224
freeze,2219
eliminate,2219
interior,2218
intellectual,2218
established,2218
voter,2217
garage,2217
era,2216
pregnant,2215
plot,2214
greet,2212
electrical,2212
disorder,2211
formally,2206
excuse,2206
socialist,2205
cancel,2205
harm,2202
excess,2202
exact,2201
oblige,2200
accountant,2199
mutual,2198
volunteer,2190
laughter,2190
trick,2187
disposal,2185
taxi,2184
murmur,2184
tonne,2182
spell,2181
clerk,2181
curious,2180
satisfactory,2179
identical,2179
applicant,2179
removal,2178
processor,2177
cotton,2172
reverse,2171
hesitate,2171
professor,2168
admire,2168
namely,2164
electoral,2162
delight,2161
urgent,2160
prompt,2160
mate,2160
exposure,2160
server,2157
distinctive,2157
marginal,2154
structural,2153
rope,2151
miner,2150
entertainment,2150
acre,2150
pig,2149
encouraging,2149
gear,2146
anniversary,2144
ceremony,2142
rub,2141
monopoly,2141
flee,2140
yield,2139
discount,2139
uncle,2136
audit,2136
advertisement,2136
explosion,2135
contrary,2135
tribunal,2134
swallow,2133
typically,2131
rat,2130
cloth,2130
cable,2129
interrupt,2127
flame,2126
controversy,2126
rabbit,2124
everyday,2124
allegation,2124
strip,2123
stability,2123
tide,2122
illustration,2121
insect,2120
correspondent,2118
devise,2115
determined,2115
brush,2115
adjustment,2114
controversial,2110
organic,2109
thoroughly,2107
interface,2107
historic,2107
temple,2105
shade,2105
craft,2104
nursery,2103
piano,2102
desirable,2102
assurance,2100
jurisdiction,2099
advertise,2099
bay,2097
specification,2096
disability,2096
presidential,2095
unexpected,2091
penny,2089
celebration,2087
gross,2086
superb,2085
innocent,2083
leap,2078
colony,2078
wound,2077
hardware,2076
satellite,2075
float,2075
bible,2075
statistical,2074
marked,2073
hire,2073
cathedral,2072
motive,2070
gastric,2068
raid,2067
comply,2066
accommodate,2065
mutter,2064
induce,2064
trap,2059
invasion,2056
humour,2056
bulk,2056
traditionally,2054
upstairs,2052
translate,2051
rhythm,2051
emission,2051
collective,2051
transformation,2050
battery,2050
stimulus,2049
naked,2049
menu,2046
toilet,2044
butter,2044
needle,2043
effectiveness,2043
accordance,2042
molecule,2041
fiction,2041
learning,2040
statute,2038
reluctant,2037
overlook,2037
junction,2037
necessity,2036
nearby,2036
experienced,2036
lorry,2035
exclusive,2031
graphics,2030
stimulate,2029
warmth,2028
therapy,2028
convenient,2027
cinema,2026
domain,2025
tournament,2024
doctrine,2020
sheer,2018
proposition,2018
grip,2017
widow,2016
discrimination,2016
ruling,2013
nonetheless,2012
myth,2012
episode,2012
drift,2012
assert,2012
terrace,2008
uncertain,2007
twist,2004
insight,2003
undermine,2001
tragedy,2001
enforce,2000
criticise,2000
leaflet,1999
pond,1994
adventure,1993
diplomatic,1992
mixed,1991
rebel,1990
equity,1990
literally,1989
magnificent,1988
loyalty,1988
tremendous,1987
airline,1982
shore,1981
restoration,1981
physically,1980
render,1979
institutional,1978
emphasize,1978
mess,1977
commander,1977
straightforward,1975
singer,1975
squeeze,1974
fulltime,1974
breed,1974
successor,1973
triumph,1971
heading,1971
mathematics,1969
clue,1968
specially,1965
biological,1965
forgive,1963
trustee,1962
photo,1962
fraction,1962
chase,1962
whereby,1961
mud,1961
pensioner,1960
functional,1960
strictly,1958
desperately,1958
await,1958
coverage,1957
wildlife,1956
indicator,1956
lightly,1954
hierarchy,1952
evolve,1949
mechanical,1948
creditor,1946
capitalist,1946
essence,1945
compose,1945
mentally,1943
seminar,1941
fig,1940
continent,1940
chap,1939
flexibility,1937
verse,1936
whisky,1935
recruit,1934
echo,1934
unfair,1933
cupboard,1933
bush,1933
shortage,1932
prominent,1932
merger,1932
subtle,1931
gang,1929
unhappy,1928
lifetime,1928
elite,1927
refusal,1925
aggressive,1925
superior,1924
landing,1924
educate,1921
separation,1920
productivity,1920
initiate,1920
probability,1919
virus,1918
reporter,1917
fool,1917
capitalism,1916
painful,1915
correctly,1914
rumour,1913
imperial,1913
justification,1912
availability,1912
spectacular,1911
ocean,1909
cliff,1908
sociology,1907
sadly,1902
missile,1902
situate,1901
artificial,1901
apartment,1901
provoke,1898
oral,1898
angel,1897
spare,1896
shame,1896
intelligent,1895
discretion,1895
businessman,1895
explicit,1894
uniform,1893
counter,1893
hungry,1892
clothing,1892
romantic,1889
attendance,1889
parttime,1888
backing,1887
sensation,1886
carrier,1886
classification,1885
beg,1885
appendix,1884
doorway,1881
density,1881
legislative,1879
hint,1879
shower,1878
succession,1877
nasty,1877
duration,1876
desert,1875
receipt,1874
native,1874
chapel,1874
amazing,1873
hopefully,1872
fleet,1872
comparable,1872
oxygen,1870
installation,1870
developer,1870
disadvantage,1869
recipe,1868
crystal,1868
modification,1867
midnight,1866
successive,1865
formerly,1865
loud,1864
physics,1862
truck,1861
stroke,1861
envelope,1860
speculation,1859
canal,1858
unionist,1857
directory,1856
receiver,1855
isolation,1855
fade,1855
chemistry,1855
unnecessary,1853
defender,1852
stance,1851
sin,1851
realistic,1851
subsidy,1849
toy,1848
darling,1848
decent,1847
liberty,1846
forever,1846
skirt,1845
coordinate,1845
tactic,1842
influential,1842
accent,1842
compound,1841
bastard,1841
ingredient,1840
dull,1840
cater,1837
scholar,1835
faint,1835
ghost,1833
sculpture,1832
ridiculous,1832
diagnosis,1832
delegate,1830
neat,1829
kit,1829
lion,1828
dialogue,1828
tray,1826
fantasy,1825
forth,1822
lamp,1821
allege,1820
pavement,1819
brand,1819
constable,1817
compromise,1817
flag,1816
filter,1815
reign,1814
execute,1814
pity,1811
merit,1811
diagram,1810
wool,1809
organism,1809
elegant,1809
undertaking,1807
lesser,1807
marvellous,1806
improved,1806
locally,1805
entity,1805
rape,1804
descend,1802
backwards,1802
peer,1801
genetic,1800
fold,1799
portfolio,1798
consensus,1798
thesis,1796
nest,1795
frown,1795
builder,1795
administer,1795
lung,1794
delegation,1794
heating,1793
instinct,1791
teenager,1790
lonely,1790
residence,1789
radiation,1789
extract,1789
concession,1788
autonomy,1788
norm,1787
musician,1787
graduate,1787
glory,1786
persist,1785
rescue,1784
equip,1784
partial,1783
officially,1783
capability,1783
liberation,1782
hunt,1781
heel,1780
update,1778
assign,1778
commons,1776
weekly,1775
pregnancy,1775
happily,1775
spectrum,1773
interfere,1773
suicide,1771
panic,1771
invent,1771
intensive,1771
damp,1771
simultaneously,1770
giant,1770
casual,1769
sphere,1768
precious,1768
sword,1767
envisage,1767
bean,1767
crazy,1766
changing,1766
concede,1765
besides,1765
unite,1763
severely,1763
separately,1762
instruct,1762
insert,1762
exhibit,1761
brave,1760
tutor,1757
tune,1757
debut,1756
continued,1756
incidence,1755
downstairs,1755
cafe,1755
regret,1754
killer,1754
delicate,1754
subsidiary,1752
gender,1751
entertain,1751
cling,1750
vertical,1748
fetch,1748
plead,1745
duck,1745
pint,1744
abolish,1744
translation,1743
princess,1743
excessive,1743
digital,1742
steep,1741
jet,1740
hey,1740
grave,1740
exceptional,1739
boost,1739
random,1738
correlation,1738
intervene,1737
packet,1735
motivation,1735
safely,1734
harsh,1732
concrete,1728
complicated,1728
alleged,1728
redundancy,1727
progressive,1727
intensity,1727
crack,1727
fancy,1724
alternatively,1723
waiting,1721
scandal,1721
resemble,1721
parameter,1720
fierce,1720
tropical,1719
ours,1717
engagement,1717
contest,1716
edit,1715
courage,1715
hip,1714
delighted,1714
sponsor,1713
carer,1713
substantially,1711
occupational,1711
trainer,1710
remainder,1708
related,1708
inherit,1708
resume,1707
assignment,1707
conceal,1705
disclose,1704
exclusively,1703
mild,1700
chronic,1699
splendid,1698
rider,1697
clay,1697
firstly,1696
conceive,1696
politically,1695
terminal,1693
accuracy,1692
coup,1690
ambulance,1690
offender,1687
similarity,1686
orchestra,1686
systematic,1685
striker,1685
casualty,1684
steadily,1681
painter,1681
opt,1681
handsome,1681
banking,1681
sensitivity,1680
navy,1680
fascinating,1680
disappointment,1680
auditor,1679
hostility,1678
spending,1675
scarcely,1675
compulsory,1674
photographer,1672
ok,1672
neighbourhood,1672
ideological,1672
pardon,1671
criticize,1670
supervision,1669
guilt,1667
deck,1667
payable,1666
execution,1665
suite,1664
elected,1664
solely,1663
collector,1663
questionnaire,1662
flavour,1662
faculty,1661
basket,1658
horizon,1657
drain,1657
happiness,1656
fighter,1656
estimated,1656
copper,1656
legend,1655
relevance,1654
decorate,1654
continental,1654
operational,1652
incur,1652
parallel,1651
divorce,1650
opposed,1649
equilibrium,1648
trader,1647
ton,1647
juice,1646
forum,1646
spin,1645
hostile,1644
consistently,1644
technological,1642
nightmare,1642
medal,1642
diamond,1642
peaceful,1640
accounting,1640
scatter,1639
monster,1639
horrible,1639
nonsense,1637
chaos,1637
accessible,1637
humanity,1636
frustration,1636
chin,1636
bureau,1636
advocate,1636
polytechnic,1635
inhabitant,1635
evil,1635
slave,1634
reservation,1632
slam,1628
provincial,1627
fishing,1627
facilitate,1627
elbow,1626
bye,1626
sleeve,1625
exploration,1624
creep,1624
adjacent,1624
theft,1623
grace,1623
predecessor,1622
supermarket,1621
smart,1621
sergeant,1621
regulate,1621
clash,1621
assemble,1621
arrow,1621
nowadays,1620
shit,1619
sandwich,1616
vanish,1615
commerce,1615
pursuit,1614
collar,1611
socialism,1610
rice,1610
exclusion,1610
upwards,1609
transmission,1609
instantly,1608
forthcoming,1608
appointed,1606
geographical,1605
fist,1605
abstract,1605
embrace,1604
dynamic,1604
drawer,1604
dismissal,1603
magic,1602
endless,1602
definite,1602
broadly,1602
affection,1601
dawn,1600
bloke,1597
organiser,1596
competence,1593
complicate,1592
neutral,1591
fortunately,1591
commonwealth,1591
breakdown,1591
combined,1590
candle,1589
venue,1588
supper,1588
analyst,1586
vague,1585
publicly,1584
marine,1583
notable,1581
freely,1581
counterpart,1581
lively,1577
script,1576
sue,1575
legitimate,1575
geography,1575
reproduce,1574
moving,1574
lamb,1574
gay,1574
contemplate,1574
terror,1573
founder,1573
utility,1571
shelter,1570
poster,1568
hitherto,1568
mature,1567
cooking,1567
wealthy,1565
fucking,1565
confess,1565
miracle,1564
jaw,1564
pan,1562
coloured,1562
tent,1561
reduced,1561
tumour,1560
super,1560
funding,1560
dump,1560
stitch,1559
shared,1559
ladder,1558
keeper,1558
endorse,1557
invariably,1556
smash,1555
shield,1555
surgeon,1554
orange,1553
explode,1553
comedy,1553
classify,1553
artistic,1553
ruler,1552
biscuit,1552
workstation,1551
prey,1551
manual,1551
cure,1551
tighten,1548
pope,1548
manufacturing,1547
blanket,1545
republican,1544
referendum,1544
palm,1544
devil,1544
adoption,1544
workforce,1543
segment,1543
regardless,1542
contractor,1542
portion,1541
differently,1541
prediction,1540
oven,1540
matrix,1540
liver,1540
fraud,1540
beam,1540
signature,1538
limb,1538
verdict,1537
dramatically,1536
container,1536
aunt,1536
dock,1535
submission,1534
certainty,1532
boring,1531
electron,1530
drum,1529
wisdom,1528
antibody,1528
terrorist,1527
circulation,1527
alteration,1527
fluid,1526
ambitious,1526
socially,1525
riot,1524
petition,1524
fox,1524
recruitment,1523
flood,1519
memorial,1518
helicopter,1517
correspondence,1517
ye,1516
beef,1516
lighting,1515
harbour,1515
empirical,1514
shallow,1513
seal,1512
decrease,1512
constituent,1512
exam,1511
toe,1510
thrust,1509
bureaucracy,1509
wrist,1508
nut,1508
magnetic,1507
widen,1505
hazard,1505
dispose,1505
dealing,1504
absent,1504
reassure,1502
inn,1502
suspension,1501
respondent,1501
naval,1500
monthly,1500
log,1500
advisory,1500
fitness,1499
blank,1499
indirect,1498
tile,1497
rally,1497
economist,1497
vein,1496
strand,1496
disturbance,1496
seldom,1495
coming,1495
cab,1494
grandfather,1493
flash,1493
destination,1493
actively,1493
regiment,1492
closed,1492
boom,1491
handful,1490
remarkably,1489
encouragement,1489
awkward,1489
required,1488
defect,1488
surplus,1487
champagne,1487
liquid,1486
shed,1485
rejection,1484
halt,1483
electronics,1483
administrator,1483
contradiction,1482
nail,1481
lacking,1479
colonial,1479
primitive,1476
whoever,1475
lap,1475
commodity,1475
planned,1474
imprisonment,1474
coincide,1474
sympathetic,1473
atom,1473
tempt,1472
sanction,1472
praise,1472
favorable,1472
dissolve,1472
tightly,1471
surrounding,1471
soup,1471
abortion,1471
grasp,1470
custody,1470
composer,1470
charm,1470
metropolitan,1469
waist,1468
equality,1468
tribute,1466
bearing,1466
auction,1466
standing,1465
horn,1465
barn,1465
mayor,1464
emperor,1464
integrated,1462
conscience,1462
commence,1462
grandmother,1461
discharge,1461
profound,1460
takeover,1459
nationalist,1459
dolphin,1458
fortnight,1457
elephant,1457
spoil,1455
plea,1455
forwards,1455
breeze,1455
prevention,1454
mineral,1453
runner,1452
pin,1451
integrity,1451
thereafter,1450
quid,1449
owl,1449
rigid,1448
reportedly,1447
hedge,1447
formulate,1447
associated,1447
thief,1445
tomato,1444
exhaust,1444
evidently,1443
eagle,1443
specified,1442
resulting,1442
blade,1442
peculiar,1441
killing,1441
desktop,1441
bowel,1441
ugly,1438
expedition,1438
saint,1437
supplement,1434
stamp,1434
faction,1434
enthusiastic,1434
enquire,1434
brass,1433
inequality,1432
eager,1432
bold,1430
neglect,1429
saying,1428
ridge,1427
earl,1427
yacht,1426
suck,1426
missing,1426
extended,1426
valuation,1425
worship,1424
fossil,1424
diminish,1424
taxpayer,1423
corruption,1423
accurately,1423
depict,1421
pencil,1420
drown,1420
stem,1419
lump,1419
applicable,1419
mobility,1418
immense,1418
goodness,1418
preliminary,1417
graph,1417
referee,1416
calm,1416
onwards,1415
omit,1415
genuinely,1414
excite,1414
dreadful,1413
cave,1413
revelation,1412
grief,1412
erect,1412
tuck,1411
meantime,1411
barrel,1411
lawn,1410
hut,1410
ruin,1409
slice,1408
transmit,1407
thigh,1407
practically,1407
dedicate,1407
corresponding,1406
albeit,1406
comparative,1404
cluster,1404
propose,1403
obstacle,1403
motorway,1403
heritage,1403
counselling,1403
breeding,1403
bucket,1401
migration,1400
ritual,1399
originate,1399
hunting,1398
crude,1397
protocol,1396
prejudice,1396
inspiration,1396
dioxide,1396
uncomfortable,1395
worthy,1394
inspect,1394
summon,1393
outlet,1392
collaboration,1391
booking,1391
salad,1390
productive,1390
charming,1390
polish,1389
oak,1389
tourism,1388
independently,1388
cruel,1388
diversity,1387
accused,1387
forecast,1386
amend,1386
soap,1385
interference,1381
mining,1379
minimal,1379
clarify,1379
coastal,1377
rising,1376
quota,1376
minus,1376
kilometre,1376
characterise,1376
suspicious,1375
pet,1375
beneficial,1375
fling,1374
deprive,1374
covenant,1372
bias,1372
trophy,1371
verb,1370
honestly,1370
straw,1368
eyebrow,1368
noble,1367
mask,1367
lecturer,1367
girlfriend,1367
forehead,1367
timetable,1366
symbolic,1366
farming,1366
lid,1365
librarian,1365
injection,1365
sexuality,1364
irrelevant,1364
bonus,1364
thumb,1363
ankle,1363
psychologist,1360
occurrence,1360
profitable,1359
deliberate,1359
bow,1359
tribe,1358
rightly,1358
validity,1357
marble,1357
plunge,1356
maturity,1356
hidden,1356
tobacco,1355
clergy,1355
trading,1354
passive,1354
decoration,1354
racial,1352
embarrassment,1351
sauce,1348
fatal,1348
banker,1348
compensate,1347
popularity,1345
eligible,1344
continuity,1344
bunch,1344
hook,1342
wicket,1341
pronounce,1341
ballet,1340
heir,1339
positively,1337
insufficient,1337
substitute,1336
mysterious,1336
dancer,1336
trail,1335
caution,1335
donation,1334
added,1334
weaken,1333
tyre,1333
sufferer,1333
managerial,1333
elaborate,1333
restraint,1332
renew,1332
gardener,1332
dilemma,1331
configuration,1331
rear,1330
embark,1330
misery,1329
importantly,1329
continually,1329
appreciation,1329
diverse,1325
revive,1323
lounge,1322
dwelling,1322
parental,1321
loyal,1320
privatisation,1319
outsider,1319
forbid,1319
yep,1317
prospective,1317
manuscript,1317
inherent,1317
deem,1316
telecommunication,1315
intermediate,1315
worthwhile,1314
calendar,1314
basin,1314
utterly,1313
rebuild,1313
pulse,1312
suppress,1311
predator,1311
width,1310
stiff,1310
spine,1310
betray,1310
punish,1309
stall,1308
lifestyle,1308
compile,1308
arouse,1308
partially,1307
headline,1307
divine,1307
unpleasant,1306
sacred,1306
useless,1305
tremble,1304
statue,1304
obey,1304
drunk,1302
tender,1301
molecular,1301
circulate,1301
exploitation,1300
explicitly,1299
utterance,1298
linear,1298
chat,1298
revision,1297
distress,1297
spill,1296
steward,1295
knight,1295
semantic,1294
selective,1294
learner,1294
dignity,1294
senate,1293
grid,1293
fiscal,1293
activate,1293
fortunate,1292
jeans,1291
fitting,1290
commentator,1290
weep,1289
handicap,1289
crush,1289
towel,1288
skilled,1288
repeatedly,1288
defensive,1288
temporarily,1287
villa,1286
rod,1286
frontier,1286
enforcement,1286
protective,1285
philosophical,1285
lordship,1285
disagree,1285
boyfriend,1285
activist,1285
viewer,1283
slim,1283
textile,1282
mist,1282
harmony,1282
deed,1282
merge,1281
invention,1281
commissioner,1281
caravan,1281
bolt,1281
ending,1280
publishing,1277
gut,1277
rug,1275
monument,1272
garment,1272
toward,1271
realm,1271
melt,1271
reproduction,1270
reactor,1270
furious,1270
distinguished,1270
characterize,1270
alike,1270
pump,1269
probe,1269
feedback,1269
aspiration,1269
solar,1268
fare,1268
carve,1268
qualified,1267
membrane,1267
dependence,1266
convict,1266
bacteria,1265
ambassador,1264
conjunction,1263
cabin,1262
shaft,1261
treasure,1260
inappropriate,1260
embassy,1259
terribly,1258
exemption,1258
array,1258
tablet,1257
sack,1257
erosion,1257
bull,1257
warehouse,1255
unfortunate,1255
promoter,1255
compel,1255
motivate,1254
burning,1252
vitamin,1250
lemon,1250
foreigner,1250
powder,1249
persistent,1249
bat,1249
ancestor,1249
predominantly,1248
mathematical,1248
compliance,1248
arch,1248
woodland,1247
serum,1247
overnight,1247
doubtful,1246
doing,1246
binding,1246
ozone,1245
mid,1245
invisible,1245
depart,1245
brigade,1245
manipulate,1244
consume,1244
temptation,1243
intact,1243
glove,1243
aggression,1243
emergence,1242
stag,1241
coffin,1241
beautifully,1241
clutch,1240
wit,1239
underline,1239
trainee,1239
scrutiny,1239
neatly,1239
follower,1239
sterling,1238
tariff,1237
bee,1237
relaxation,1236
negligence,1236
sunlight,1235
penetrate,1235
knot,1235
temper,1234
skull,1234
openly,1234
grind,1234
whale,1233
throne,1233
supervise,1233
sickness,1233
intake,1233
inland,1232
beast,1232
morality,1231
competent,1231
reminder,1229
permanently,1229
optimistic,1229
bargain,1229
seemingly,1228
respective,1228
horizontal,1228
decisive,1228
bless,1228
bile,1228
spatial,1227
bullet,1227
respectable,1226
convincing,1226
unacceptable,1225
confrontation,1225
swiftly,1224
paid,1224
instant,1224
illusion,1224
cheer,1224
congregation,1223
worldwide,1222
winning,1222
toss,1222
jewellery,1222
fond,1222
guerrilla,1221
dive,1221
thread,1220
prescribe,1220
calcium,1220
redundant,1219
marker,1219
chemist,1219
mammal,1218
legacy,1218
debtor,1218
testament,1217
tragic,1216
spectacle,1215
inheritance,1215
heal,1215
sovereignty,1214
enzyme,1214
neighbouring,1212
corn,1212
layout,1211
dictate,1211
rip,1210
regain,1210
probable,1210
inclusion,1210
booklet,1210
privately,1209
laser,1209
fame,1209
bronze,1209
mobile,1207
metaphor,1207
complication,1207
chop,1204
synthesis,1203
diameter,1202
silently,1201
fusion,1201
trigger,1200
printing,1200
onion,1200
dislike,1200
embody,1199
curl,1199
sunshine,1197
sponsorship,1197
rage,1197
loop,1197
cop,1197
bang,1197
toxic,1196
thinking,1196
orientation,1196
likelihood,1196
wee,1195
polite,1195
apology,1195
exile,1194
brow,1194
miserable,1193
outbreak,1192
comparatively,1192
fuck,1191
timing,1190
headmaster,1190
terrify,1189
premier,1189
incredible,1189
gravity,1189
regulatory,1188
cylinder,1188
curiosity,1187
narrative,1185
cognitive,1185
lengthy,1184
gothic,1184
dip,1184
adverse,1184
accountability,1184
hydrogen,1183
gravel,1183
willingness,1182
inhibit,1182
attain,1182
specialise,1181
steer,1180
selected,1180
confer,1180
usage,1179
portray,1179
planner,1179
boast,1179
unconscious,1178
jail,1178
fertility,1178
documentation,1178
wolf,1177
patent,1177
exit,1177
corps,1177
proclaim,1176
multiply,1176
brochure,1176
orthodox,1175
locomotive,1175
considering,1175
unaware,1172
syndrome,1172
confirmation,1171
printed,1170
costly,1170
underground,1169
territorial,1169
designate,1169
misleading,1167
weave,1166
scratch,1166
ideally,1165
endure,1165
verbal,1164
stride,1164
nursing,1163
exert,1163
compatible,1163
causal,1163
mosaic,1161
manor,1161
implicit,1161
fashionable,1161
valve,1160
sofa,1159
snatch,1159
jazz,1159
patron,1158
provider,1157
interim,1155
intent,1155
chosen,1155
applied,1155
shiver,1154
pie,1154
fury,1154
abolition,1154
soccer,1153
corpse,1153
accusation,1153
contempt,1151
prevail,1150
murderer,1150
gathering,1149
adequately,1149
subjective,1148
disagreement,1148
cleaner,1148
boil,1148
static,1147
scent,1147
civilian,1147
monk,1146
abruptly,1146
keyboard,1145
hammer,1145
despair,1145
controller,1145
yell,1144
entail,1144
cheerful,1144
reconstruction,1143
patience,1143
legally,1143
habitat,1143
queue,1142
spectator,1141
given,1141
purple,1140
outlook,1139
genius,1139
dual,1139
canvas,1139
pepper,1137
conform,1137
cautious,1137
dot,1136
conspiracy,1136
butterfly,1136
sincerely,1135
rating,1135
weird,1134
teenage,1134
salmon,1134
recorder,1134
postpone,1134
maid,1134
furnish,1134
ethical,1134
bicycle,1134
renaissance,1133
luxury,1133
gasp,1133
wardrobe,1132
fringe,1132
adaptation,1132
quotation,1131
hunger,1131
enclose,1131
disastrous,1130
choir,1130
overwhelming,1128
glimpse,1128
circular,1128
locality,1127
ferry,1127
balcony,1127
sailor,1126
precision,1126
dancing,1126
alert,1125
surrender,1124
archive,1124
philosopher,1122
revival,1121
presume,1121
node,1120
fantastic,1120
herb,1119
assertion,1119
thorough,1117
quit,1117
grim,1117
broadcast,1116
annoy,1116
divert,1114
accelerate,1114
polymer,1113
sweat,1112
survivor,1112
subscription,1112
repayment,1112
anonymous,1112
summarise,1111
punch,1111
lodge,1111
landowner,1111
ignorance,1111
discourage,1111
bride,1111
likewise,1110
depressed,1110
abbey,1110
quarry,1109
archbishop,1109
sock,1108
glare,1108
descent,1108
stumble,1107
mistress,1107
prosperity,1106
formulation,1106
atomic,1106
agreed,1106
wicked,1105
threshold,1105
lobby,1105
repay,1104
varying,1103
crawl,1103
tolerate,1102
salvation,1102
pudding,1102
propaganda,1100
cage,1100
broker,1100
ashamed,1100
scan,1099
apparatus,1099
theology,1098
analogy,1098
efficiently,1097
bitterly,1097
performer,1096
individually,1096
amid,1096
squadron,1095
sentiment,1095
making,1095
exotic,1095
dominance,1095
coherent,1095
placement,1094
flick,1094
colourful,1094
mercy,1093
angrily,1093
amuse,1093
mainstream,1092
appraisal,1092
annually,1092
torch,1091
intimate,1091
arbitrary,1091
preservation,1090
shy,1089
disclosure,1089
lace,1088
inability,1087
motif,1086
listener,1086
delicious,1086
highway,1084
haul,1084
dragon,1084
accumulate,1084
unchanged,1083
sediment,1083
exclaim,1083
parcel,1080
psychiatric,1079
delightful,1079
confidential,1079
calorie,1079
aggregate,1078
scholarship,1077
disciplinary,1077
hatred,1076
pill,1075
noisy,1075
feather,1075
lexical,1074
staircase,1073
autonomous,1073
viewpoint,1072
projection,1072
offensive,1072
controlled,1072
flush,1071
racism,1069
flourish,1069
resentment,1068
pillow,1068
courtesy,1068
photography,1067
monkey,1067
glorious,1067
evolutionary,1067
gradual,1066
bankruptcy,1066
sacrifice,1065
uphold,1064
sketch,1064
presidency,1064
formidable,1064
differentiate,1064
continuing,1064
cart,1064
stadium,1062
dense,1062
immigration,1061
clarity,1061
worm,1060
slot,1060
rifle,1060
screw,1059
harvest,1059
foster,1059
impulse,1058
guardian,1058
ambiguity,1058
triangle,1057
terminate,1057
retreat,1057
pony,1057
outdoor,1057
deficiency,1057
decree,1057
apologise,1057
yarn,1056
renewal,1055
rebellion,1055
incidentally,1055
flour,1055
developed,1055
chorus,1055
ballot,1055
appetite,1055
stain,1054
notebook,1054
loudly,1054
homeless,1054
census,1054
bizarre,1054
striking,1053
greenhouse,1053
burial,1052
embarrassed,1051
ash,1051
actress,1051
cassette,1050
privacy,1049
fridge,1049
calf,1047
jointly,1046
drill,1046
devoted,1044
indirectly,1043
driving,1043
memorandum,1042
default,1042
costume,1042
variant,1041
shatter,1041
methodology,1041
allegedly,1041
swell,1040
investigator,1040
imaginative,1040
bored,1040
bin,1040
awake,1040
recycle,1039
enjoyment,1038
texture,1037
donor,1037
bacon,1037
sunny,1036
stool,1036
prosecute,1036
commentary,1036
bass,1036
theirs,1035
sniff,1035
repetition,1035
eventual,1035
suburb,1034
organisational,1034
newcomer,1034
romance,1033
daylight,1033
warrant,1032
fur,1032
parking,1031
nuisance,1031
foolish,1030
bulb,1030
balloon,1030
vivid,1029
surveyor,1029
spontaneous,1029
biology,1029
injunction,1027
appalling,1027
amusement,1027
aesthetic,1027
vegetation,1026
stab,1026
rude,1026
offset,1026
mainframe,1025
flock,1025
amateur,1025
academy,1025
shilling,1024
reluctance,1024
velocity,1023
wartime,1022
soak,1022
rib,1022
mighty,1022
shocked,1021
vocational,1020
spit,1020
gall,1020
prescription,1019
fever,1019
axis,1019
reservoir,1018
magnitude,1018
cutting,1017
bracket,1017
agony,1017
strive,1016
strangely,1016
pledge,1016
recipient,1015
moor,1015
invade,1015
dairy,1015
chord,1015
shrink,1014
poison,1014
pillar,1014
washing,1013
warrior,1013
supervisor,1013
outfit,1013
innovative,1013
dressing,1013
jungle,1012
brewery,1012
adjective,1012
straighten,1011
restrain,1011
monarchy,1011
trunk,1009
herd,1009
deadline,1008
tiger,1007
supporting,1007
moderate,1007
kneel,1007
ego,1007
sexually,1006
ministerial,1006
bitch,1006
wheat,1005
stagger,1005
snake,1005
ribbon,1005
mainland,1004
fisherman,1004
economically,1004
unwilling,1003
nationalism,1003
knitting,1003
irony,1003
handling,1003
desired,1003
bomber,1003
voltage,1002
unusually,1002
toast,1002
suffering,1000
technically,999
meaningful,999
aloud,999
waiter,998
tease,998
goat,998
conceptual,998
ant,998
inflict,997
bowler,997
roar,996
galaxy,995
aluminium,995
receptor,994
preach,994
parade,994
critique,994
query,993
outset,992
integral,992
grammatical,992
testing,991
patrol,991
pad,991
unreasonable,990
sausage,990
constructive,990
doll,989
frightened,988
biography,988
vocabulary,987
offend,987
accumulation,987
linen,986
fairy,986
disco,986
versus,984
ray,984
pottery,984
immune,984
injured,983
holly,983
solidarity,982
embarrassing,982
cargo,982
theorist,981
reluctantly,981
preferred,981
dash,981
reconcile,980
credibility,980
copyright,980
beard,980
vigorous,979
vaguely,979
prevalence,979
uneasy,978
scrap,977
ironically,977
fog,977
faithful,977
bounce,977
batch,977
sleeping,976
poorly,976
accord,976
duly,975
blast,975
prohibit,974
brake,974
asylum,974
obscure,973
nun,973
heap,973
smoothly,972
rhetoric,972
privileged,972
liaison,972
jockey,972
allied,972
rob,971
indulge,971
distort,971
whatsoever,970
viable,970
nucleus,970
exaggerate,970
compact,970
nationality,969
altar,969
refuge,968
presently,968
mandatory,968
authorise,968
accomplish,968
startle,967
indigenous,967
worse,966
retailer,966
admiration,966
absurd,966
coincidence,965
principally,964
passport,964
depot,964
soften,963
secretion,963
invoke,963
dirt,963
scared,962
mug,962
convenience,962
optional,961
unsuccessful,960
consistency,960
umbrella,959
solo,959
hemisphere,959
brandy,959
belly,959
attachment,959
uncover,958
repeated,958
pine,958
offspring,958
communism,958
nominate,957
soar,956
geological,956
frog,956
donate,956
nicely,955
innocence,955
housewife,955
disguise,955
demolish,955
counsel,955
cord,955
reasoning,954
litre,954
inclined,954
evoke,953
courtyard,953
arena,952
simplicity,951
inhibition,951
frozen,951
vacuum,950
immigrant,950
revenge,949
helmet,949
unclear,948
jerk,948
disruption,948
attainment,948
sip,947
lunchtime,947
cult,947
supposedly,946
offering,946
secular,945
overwhelm,945
momentum,945
infinite,945
manipulation,944
inquest,944
cellar,944
counsellor,943
avenue,943
rubber,942
labourer,942
lab,942
damn,942
comfortably,942
tense,941
socket,941
par,941
scenario,940
frankly,940
slap,939
recreation,939
spy,938
clearance,938
blessing,938
embryo,937
varied,936
predictable,936
mutation,936
retrieve,935
elder,935
rehearsal,934
optical,933
combat,932
absorption,932
ion,931
heroin,930
bake,930
vector,929
stolen,929
robbery,929
organizational,929
chalk,929
bourgeois,929
villager,928
morale,928
notify,927
jam,927
bureaucratic,927
literacy,926
frustrate,926
freight,925
clearing,925
aviation,925
legislature,924
curiously,924
banana,924
deploy,923
passionate,922
monastery,922
kettle,922
enjoyable,922
diagnose,922
quantitative,921
distortion,921
monarch,920
kindly,920
glow,920
acquaintance,920
unexpectedly,919
handy,919
deprivation,919
attacker,919
screening,918
retired,918
portable,918
hostage,918
underneath,917
jealous,917
proportional,916
gown,916
chimney,916
bleak,916
seasonal,915
plasma,915
stunning,914
spray,914
referral,914
promptly,914
fluctuation,914
decorative,914
unrest,913
resent,913
plaster,913
chew,913
grouping,912
gospel,912
distributor,912
differentiation,912
blonde,912
aquarium,912
witch,911
renewed,911
jar,911
approved,911
worrying,910
minimise,910
footstep,910
delete,909
lone,908
exceptionally,908
spider,907
hectare,907
colonel,907
swimming,906
realism,906
insider,906
hobby,906
computing,906
infrastructure,905
cereal,903
boxing,902
lick,901
constrain,901
clerical,901
contend,900
instrumental,899
electorate,898
congratulate,898
balanced,898
domination,896
blink,896
bleed,896
unlawful,895
precedent,895
notorious,895
indoor,895
upgrade,894
trench,893
therapist,893
illuminate,893
warranty,892
scar,892
consortium,892
insure,891
extensively,891
appropriately,891
spoon,890
sideways,890
enhanced,890
disrupt,890
satisfied,889
precaution,889
kite,889
gig,889
continuously,889
consolidate,889
fountain,888
gloom,887
noun,886
nomination,886
armchair,886
virtual,885
unprecedented,885
tumble,885
ski,885
architectural,885
violation,884
rocket,884
inject,884
departmental,884
fax,883
deer,883
climber,883
photographic,882
haunt,882
fiercely,882
dining,882
sodium,881
gossip,881
bundle,881
hen,880
fragile,880
deteriorate,880
dependency,880
swift,879
scramble,879
overview,879
imprison,879
trolley,878
rotation,878
denial,878
boiler,878
amp,878
trivial,877
overtake,877
hunter,877
doubtless,877
syllable,876
mould,876
limestone,876
leak,876
beneficiary,876
veteran,875
manifestation,875
vicar,874
textbook,874
novelist,874
halfway,874
contractual,874
swap,873
guild,873
ulcer,872
slab,872
detector,872
detection,872
cough,872
whichever,871
spelling,871
lender,871
raised,870
prolonged,870
voucher,869
tshirt,869
linger,869
humble,869
honey,869
postcard,868
managing,868
alien,868
odour,867
fundamentally,866
syntactic,865
scrape,865
residue,865
procession,865
pioneer,865
intercourse,865
deter,865
deadly,865
complement,865
restrictive,864
nitrogen,864
citizenship,864
pedestrian,863
detention,863
wagon,862
microphone,862
hastily,862
fixture,862
choke,862
weed,861
programming,861
nationally,861
dozen,861
carrot,861
bulletin,861
wording,860
vicious,860
urgency,860
spoken,860
skeleton,860
motorist,859
interactive,859
compute,859
whip,858
urgently,858
telly,857
shrub,857
porter,857
ethics,857
banner,857
velvet,856
omission,856
gallon,856
financially,856
superintendent,855
plug,855
continuation,855
reliance,854
justified,854
detain,854
damaging,854
orbit,853
mains,853
discard,853
dine,853
compartment,853
revised,852
privatization,852
memorable,852
lately,852
distributed,852
disperse,852
basement,852
slump,851
puzzle,851
monitoring,851
talented,850
nominal,850
mushroom,850
instructor,850
fork,850
disposition,849
cemetery,849
attempted,849
nephew,848
magical,848
ivory,848
hospitality,848
astonishing,848
tract,847
proprietor,847
license,847
differential,847
affinity,847
talking,846
royalty,846
irrespective,846
sticky,845
incapable,845
franchise,845
dentist,845
profitability,844
enthusiast,844
utter,843
pier,843
dome,843
bubble,843
treasurer,842
stocking,842
sanctuary,842
ascertain,842
arc,842
quest,841
mole,841
marathon,841
feast,841
crouch,841
hardship,840
entitlement,840
walking,839
strap,839
sore,839
complementary,839
understandable,838
noticeable,838
mankind,838
majesty,838
pigeon,837
goalkeeper,837
ambiguous,837
walker,836
virgin,836
prestige,836
preoccupation,836
municipal,835
groan,835
craftsman,835
anticipation,835
revise,834
infect,834
denounce,834
confession,834
turkey,833
toll,833
pal,833
transcription,832
sulphur,832
provisional,832
hug,832
fascinate,831
conductor,831
feasible,830
vacant,829
trait,829
meadow,829
creed,829
unfamiliar,828
optimism,828
wary,827
substantive,827
excavation,827
destiny,827
pasture,826
archaeological,826
tick,825
pat,825
papal,825
cultivate,825
trained,824
civic,824
voyage,823
siege,823
enormously,823
distract,823
stroll,822
jewel,822
honourable,822
helpless,822
hay,822
expel,822
eternal,822
demonstrator,822
correction,822
civilization,822
ample,822
retention,821
rehabilitation,821
premature,821
encompass,821
distinctly,821
diplomat,821
articulate,821
restricted,820
prop,820
intensify,820
deviation,820
workplace,819
lazy,819
kidney,819
insistence,819
multimedia,818
forestry,818
excited,818
decay,818
pest,817
invaluable,817
homework,817
harmful,817
bump,817
bodily,817
finished,816
facade,816
cushion,816
conversely,816
solvent,815
slogan,815
petty,815
perceived,815
install,815
fuss,815
rack,814
imminent,814
revert,813
ram,813
contraction,813
tread,812
supplementary,812
ham,812
defy,812
athlete,812
sociological,811
physician,811
crossing,811
bail,811
unwanted,810
plausible,810
midfield,810
feminine,809
drainage,809
cruelty,809
abnormal,809
symmetry,807
rotten,807
prone,807
marsh,807
litigation,807
urine,806
latin,806
hover,806
greeting,806
spouse,805
forge,805
salon,804
handicapped,804
sway,803
homosexual,803
colon,803
stimulation,802
garlic,802
suitcase,801
skipper,801
moan,801
manpower,801
manifest,801
incredibly,801
historically,801
wildly,800
reformer,800
quantum,800
